{"nm":"Flow 1","ddd":0,"h":1091,"w":1920,"meta":{"g":"LottieFiles Figma v70"},"layers":[{"ty":0,"nm":"Frame 1000005428","sr":1,"st":0,"op":602.18,"ip":0,"hd":false,"ddd":0,"bm":0,"hasMask":true,"ao":0,"ks":{"a":{"a":0,"k":[960,545.5]},"s":{"a":0,"k":[100,100]},"sk":{"a":0,"k":0},"p":{"a":0,"k":[960,545.5]},"r":{"a":0,"k":0},"sa":{"a":0,"k":0},"o":{"a":0,"k":100}},"masksProperties":[{"nm":"","inv":false,"mode":"a","x":{"a":0,"k":0},"o":{"a":0,"k":100},"pt":{"a":0,"k":{"c":true,"i":[[0,0],[0,0],[0,0],[0,0]],"o":[[0,0],[0,0],[0,0],[0,0]],"v":[[1920,0],[1920,1091],[0,1091],[0,0]]}}}],"w":1920,"h":1091,"refId":"1","ind":1}],"v":"5.7.0","fr":60,"op":601.18,"ip":0,"assets":[{"nm":"[Asset] Frame 1000005428","id":"1","layers":[{"ty":0,"nm":"Group 1000003070","sr":1,"st":0,"op":602.18,"ip":0,"hd":false,"ddd":0,"bm":0,"hasMask":false,"ao":0,"ks":{"a":{"a":0,"k":[1297.4,1297.4]},"s":{"a":0,"k":[100,100]},"sk":{"a":0,"k":0},"p":{"a":0,"k":[472.03,-224.97]},"r":{"a":1,"k":[{"o":{"x":0,"y":0},"i":{"x":1,"y":1},"s":[-26.8],"t":0},{"o":{"x":0,"y":0},"i":{"x":1,"y":1},"s":[-195],"t":300},{"o":{"x":0,"y":0},"i":{"x":1,"y":1},"s":[-375],"t":600},{"s":[-386.8],"t":601}]},"sa":{"a":0,"k":0},"o":{"a":0,"k":43}},"w":2594.808349609375,"h":2594.808349609375,"refId":"2","ind":1},{"ty":0,"nm":"Group 1000003069","sr":1,"st":0,"op":602.18,"ip":0,"hd":false,"ddd":0,"bm":0,"hasMask":false,"ao":0,"ks":{"a":{"a":0,"k":[1297.4,1297.4]},"s":{"a":0,"k":[100,100]},"sk":{"a":0,"k":0},"p":{"a":0,"k":[961.4,1191.4]},"r":{"a":1,"k":[{"o":{"x":0,"y":0},"i":{"x":1,"y":1},"s":[-15.69],"t":0},{"o":{"x":0,"y":0},"i":{"x":1,"y":1},"s":[150],"t":300},{"o":{"x":0,"y":0},"i":{"x":1,"y":1},"s":[-15],"t":600},{"s":[-15.69],"t":601}]},"sa":{"a":0,"k":0},"o":{"a":0,"k":43}},"w":2594.808349609375,"h":2594.808349609375,"refId":"4","ind":2},{"ty":4,"nm":"Ellipse 136","sr":1,"st":0,"op":602.18,"ip":0,"hd":false,"ddd":0,"bm":0,"hasMask":false,"ao":0,"ks":{"a":{"a":0,"k":[609.5,609.5]},"s":{"a":0,"k":[100,100]},"sk":{"a":0,"k":0},"p":{"a":0,"k":[2013.5,98.5]},"r":{"a":0,"k":0},"sa":{"a":0,"k":0},"o":{"a":1,"k":[{"o":{"x":0,"y":0},"i":{"x":1,"y":1},"s":[30],"t":0},{"o":{"x":0,"y":0},"i":{"x":1,"y":1},"s":[70],"t":300},{"o":{"x":0,"y":0},"i":{"x":1,"y":1},"s":[30],"t":600},{"s":[30],"t":601}]}},"ef":[{"ty":29,"nm":"","en":1,"ef":[{"ty":0,"nm":"sigma","v":{"a":1,"k":[{"o":{"x":0,"y":0},"i":{"x":1,"y":1},"s":[1034],"t":0},{"o":{"x":0,"y":0},"i":{"x":1,"y":1},"s":[1034],"t":300},{"o":{"x":0,"y":0},"i":{"x":1,"y":1},"s":[1034],"t":600},{"s":[1034],"t":601}]}},{"ty":0,"nm":"","v":{"a":0,"k":1}},{"ty":0,"nm":"","v":{"a":0,"k":0}}]}],"shapes":[{"ty":"sh","bm":0,"hd":false,"nm":"","d":1,"ks":{"a":0,"k":{"c":true,"i":[[0,0],[336.62,0],[0,336.62],[-336.62,0],[0,-336.62]],"o":[[0,336.62],[-336.62,0],[0,-336.62],[336.62,0],[0,0]],"v":[[1219,609.5],[609.5,1219],[0,609.5],[609.5,0],[1219,609.5]]}}},{"ty":"gf","bm":0,"hd":false,"nm":"","e":{"a":1,"k":[{"o":{"x":0,"y":0},"i":{"x":1,"y":1},"s":[1578.7099609375,2128.219970703125],"t":0},{"o":{"x":0,"y":0},"i":{"x":1,"y":1},"s":[1578.7099609375,2128.219970703125],"t":300},{"o":{"x":0,"y":0},"i":{"x":1,"y":1},"s":[1578.7099609375,2128.219970703125],"t":600},{"s":[1578.7099609375,2128.219970703125],"t":601}]},"g":{"p":2,"k":{"a":0,"k":[0,1,1,1,1,0.8706274509803921,0.29415686274509806,0.7765098039215685]}},"t":1,"a":{"a":0,"k":0},"h":{"a":0,"k":0},"s":{"a":1,"k":[{"o":{"x":0,"y":0},"i":{"x":1,"y":1},"s":[2321.389892578125,1227.1700439453125],"t":0},{"o":{"x":0,"y":0},"i":{"x":1,"y":1},"s":[2321.389892578125,1227.1700439453125],"t":300},{"o":{"x":0,"y":0},"i":{"x":1,"y":1},"s":[2321.389892578125,1227.1700439453125],"t":600},{"s":[2321.389892578125,1227.1700439453125],"t":601}]},"r":1,"o":{"a":0,"k":100}}],"ind":3},{"ty":4,"nm":"Ellipse 135","sr":1,"st":0,"op":602.18,"ip":0,"hd":false,"ddd":0,"bm":0,"hasMask":false,"ao":0,"ks":{"a":{"a":0,"k":[1016,1016]},"s":{"a":0,"k":[100,100]},"sk":{"a":0,"k":0},"p":{"a":0,"k":[-365,1191]},"r":{"a":0,"k":0},"sa":{"a":0,"k":0},"o":{"a":0,"k":100}},"ef":[{"ty":29,"nm":"","en":1,"ef":[{"ty":0,"nm":"sigma","v":{"a":1,"k":[{"o":{"x":0,"y":0},"i":{"x":1,"y":1},"s":[904],"t":0},{"o":{"x":0,"y":0},"i":{"x":1,"y":1},"s":[904],"t":300},{"o":{"x":0,"y":0},"i":{"x":1,"y":1},"s":[904],"t":600},{"s":[904],"t":601}]}},{"ty":0,"nm":"","v":{"a":0,"k":1}},{"ty":0,"nm":"","v":{"a":0,"k":0}}]}],"shapes":[{"ty":"sh","bm":0,"hd":false,"nm":"","d":1,"ks":{"a":0,"k":{"c":true,"i":[[0,0],[561.12,0],[0,561.12],[-561.12,0],[0,-561.12]],"o":[[0,561.12],[-561.12,0],[0,-561.12],[561.12,0],[0,0]],"v":[[2032,1016],[1016,2032],[0,1016],[1016,0],[2032,1016]]}}},{"ty":"gf","bm":0,"hd":false,"nm":"","e":{"a":1,"k":[{"o":{"x":0,"y":0},"i":{"x":1,"y":1},"s":[3025.5,1968],"t":0},{"o":{"x":0,"y":0},"i":{"x":1,"y":1},"s":[3025.5,1968],"t":300},{"o":{"x":0,"y":0},"i":{"x":1,"y":1},"s":[3025.5,1968],"t":600},{"s":[3025.5,1968],"t":601}]},"g":{"p":2,"k":{"a":0,"k":[0,1,1,1,1,0.4433725490196079,0.3451372549019608,1]}},"t":1,"a":{"a":0,"k":0},"h":{"a":0,"k":0},"s":{"a":1,"k":[{"o":{"x":0,"y":0},"i":{"x":1,"y":1},"s":[1895,1130],"t":0},{"o":{"x":0,"y":0},"i":{"x":1,"y":1},"s":[1895,1130],"t":300},{"o":{"x":0,"y":0},"i":{"x":1,"y":1},"s":[1895,1130],"t":600},{"s":[1895,1130],"t":601}]},"r":1,"o":{"a":0,"k":10.000000149011612}}],"ind":4},{"ty":4,"nm":"Rectangle 4298","sr":1,"st":0,"op":602.18,"ip":0,"hd":false,"ddd":0,"bm":0,"hasMask":false,"ao":0,"ks":{"a":{"a":0,"k":[960,545.5]},"s":{"a":0,"k":[100,100]},"sk":{"a":0,"k":0},"p":{"a":0,"k":[960,545.5]},"r":{"a":0,"k":0},"sa":{"a":0,"k":0},"o":{"a":0,"k":100}},"shapes":[{"ty":"sh","bm":0,"hd":false,"nm":"","d":1,"ks":{"a":0,"k":{"c":true,"i":[[0,0],[0,0],[0,0],[0,0]],"o":[[0,0],[0,0],[0,0],[0,0]],"v":[[1920,0],[1920,1091],[0,1091],[0,0]]}}},{"ty":"fl","bm":0,"hd":false,"nm":"","c":{"a":0,"k":[1,1,1]},"r":1,"o":{"a":0,"k":100}}],"ind":5},{"ty":4,"nm":"Frame 1000005428 Bg","sr":1,"st":0,"op":602.18,"ip":0,"hd":false,"ddd":0,"bm":0,"hasMask":false,"ao":0,"ks":{"a":{"a":0,"k":[960,545.5]},"s":{"a":0,"k":[100,100]},"sk":{"a":0,"k":0},"p":{"a":0,"k":[960,545.5]},"r":{"a":0,"k":0},"sa":{"a":0,"k":0},"o":{"a":0,"k":100}},"shapes":[{"ty":"sh","bm":0,"hd":false,"nm":"","d":1,"ks":{"a":0,"k":{"c":true,"i":[[0,0],[0,0],[0,0],[0,0]],"o":[[0,0],[0,0],[0,0],[0,0]],"v":[[1920,0],[1920,1091],[0,1091],[0,0]]}}}],"ind":6}]},{"nm":"[Asset] Group 1000003070","id":"2","layers":[{"ty":0,"nm":"Mask group","sr":1,"st":0,"op":602.18,"ip":0,"hd":false,"ddd":0,"bm":0,"hasMask":false,"ao":0,"ks":{"a":{"a":0,"k":[1016,1016]},"s":{"a":0,"k":[100,100]},"sk":{"a":0,"k":0},"p":{"a":0,"k":[1297.4,1297.4]},"r":{"a":0,"k":-70.45},"sa":{"a":0,"k":0},"o":{"a":0,"k":100}},"w":2032,"h":2032,"refId":"3","ind":1},{"ty":4,"nm":"Ellipse 134","sr":1,"st":0,"op":602.18,"ip":0,"hd":false,"ddd":0,"bm":0,"hasMask":false,"ao":0,"ks":{"a":{"a":0,"k":[1016,1016]},"s":{"a":0,"k":[100,100]},"sk":{"a":0,"k":0},"p":{"a":0,"k":[1297.4,1297.4]},"r":{"a":0,"k":-70.45},"sa":{"a":0,"k":0},"o":{"a":0,"k":100}},"ef":[{"ty":29,"nm":"","en":1,"ef":[{"ty":0,"nm":"sigma","v":{"a":1,"k":[{"o":{"x":0,"y":0},"i":{"x":1,"y":1},"s":[244],"t":0},{"o":{"x":0,"y":0},"i":{"x":1,"y":1},"s":[244],"t":300},{"o":{"x":0,"y":0},"i":{"x":1,"y":1},"s":[244],"t":600},{"s":[244],"t":601}]}},{"ty":0,"nm":"","v":{"a":0,"k":1}},{"ty":0,"nm":"","v":{"a":0,"k":0}}]}],"shapes":[{"ty":"sh","bm":0,"hd":false,"nm":"","d":1,"ks":{"a":0,"k":{"c":true,"i":[[0,0],[561.12,0],[0,561.12],[-561.12,0],[0,-561.12]],"o":[[0,561.12],[-561.12,0],[0,-561.12],[561.12,0],[0,0]],"v":[[2032,1016],[1016,2032],[0,1016],[1016,0],[2032,1016]]}}},{"ty":"gf","bm":0,"hd":false,"nm":"","e":{"a":1,"k":[{"o":{"x":0,"y":0},"i":{"x":1,"y":1},"s":[2365.5,1308],"t":0},{"o":{"x":0,"y":0},"i":{"x":1,"y":1},"s":[2365.5,1308],"t":300},{"o":{"x":0,"y":0},"i":{"x":1,"y":1},"s":[2365.5,1308],"t":600},{"s":[2365.5,1308],"t":601}]},"g":{"p":2,"k":{"a":0,"k":[0,1,1,1,1,0.4433725490196079,0.3451372549019608,1]}},"t":1,"a":{"a":0,"k":0},"h":{"a":0,"k":0},"s":{"a":1,"k":[{"o":{"x":0,"y":0},"i":{"x":1,"y":1},"s":[1235,470],"t":0},{"o":{"x":0,"y":0},"i":{"x":1,"y":1},"s":[1235,470],"t":300},{"o":{"x":0,"y":0},"i":{"x":1,"y":1},"s":[1235,470],"t":600},{"s":[1235,470],"t":601}]},"r":1,"o":{"a":0,"k":100}}],"ind":2}]},{"nm":"[Asset] Mask group","id":"3","layers":[{"ty":4,"nm":"Ellipse 138","sr":1,"st":0,"op":602.18,"ip":0,"hd":false,"ddd":0,"bm":0,"hasMask":false,"td":1,"ao":0,"ks":{"a":{"a":0,"k":[1016,1016]},"s":{"a":0,"k":[100,100]},"sk":{"a":0,"k":0},"p":{"a":0,"k":[1016,1016]},"r":{"a":0,"k":0},"sa":{"a":0,"k":0},"o":{"a":0,"k":100}},"ef":[{"ty":29,"nm":"","en":1,"ef":[{"ty":0,"nm":"sigma","v":{"a":1,"k":[{"o":{"x":0,"y":0},"i":{"x":1,"y":1},"s":[174],"t":0},{"o":{"x":0,"y":0},"i":{"x":1,"y":1},"s":[174],"t":300},{"o":{"x":0,"y":0},"i":{"x":1,"y":1},"s":[174],"t":600},{"s":[174],"t":601}]}},{"ty":0,"nm":"","v":{"a":0,"k":1}},{"ty":0,"nm":"","v":{"a":0,"k":0}}]}],"shapes":[{"ty":"sh","bm":0,"hd":false,"nm":"","d":1,"ks":{"a":0,"k":{"c":true,"i":[[0,0],[561.12,0],[0,561.12],[-561.12,0],[0,-561.12]],"o":[[0,561.12],[-561.12,0],[0,-561.12],[561.12,0],[0,0]],"v":[[2032,1016],[1016,2032],[0,1016],[1016,0],[2032,1016]]}}},{"ty":"gf","bm":0,"hd":false,"nm":"","e":{"a":1,"k":[{"o":{"x":0,"y":0},"i":{"x":1,"y":1},"s":[711.5,1403.25],"t":0},{"o":{"x":0,"y":0},"i":{"x":1,"y":1},"s":[711.5,1403.25],"t":300},{"o":{"x":0,"y":0},"i":{"x":1,"y":1},"s":[711.5,1403.25],"t":600},{"s":[711.5,1403.25],"t":601}]},"g":{"p":2,"k":{"a":0,"k":[0,1,1,1,1,0.5852549019607843,0.3451372549019608,1]}},"t":1,"a":{"a":0,"k":0},"h":{"a":0,"k":0},"s":{"a":1,"k":[{"o":{"x":0,"y":0},"i":{"x":1,"y":1},"s":[-419,565.25],"t":0},{"o":{"x":0,"y":0},"i":{"x":1,"y":1},"s":[-419,565.25],"t":300},{"o":{"x":0,"y":0},"i":{"x":1,"y":1},"s":[-419,565.25],"t":600},{"s":[-419,565.25],"t":601}]},"r":1,"o":{"a":0,"k":100}}],"ind":1},{"ty":4,"nm":"Ellipse 135","sr":1,"st":0,"op":602.18,"ip":0,"hd":false,"ddd":0,"bm":0,"tt":1,"hasMask":false,"ao":0,"ks":{"a":{"a":0,"k":[70.41,137.85]},"s":{"a":0,"k":[100,100]},"sk":{"a":0,"k":0},"p":{"a":0,"k":[1888.82,590.17]},"r":{"a":0,"k":-21.95},"sa":{"a":0,"k":0},"o":{"a":0,"k":100}},"ef":[{"ty":29,"nm":"","en":1,"ef":[{"ty":0,"nm":"sigma","v":{"a":1,"k":[{"o":{"x":0,"y":0},"i":{"x":1,"y":1},"s":[144],"t":0},{"o":{"x":0,"y":0},"i":{"x":1,"y":1},"s":[144],"t":300},{"o":{"x":0,"y":0},"i":{"x":1,"y":1},"s":[144],"t":600},{"s":[144],"t":601}]}},{"ty":0,"nm":"","v":{"a":0,"k":1}},{"ty":0,"nm":"","v":{"a":0,"k":0}}]}],"shapes":[{"ty":"sh","bm":0,"hd":false,"nm":"","d":1,"ks":{"a":0,"k":{"c":true,"i":[[0,0],[38.88,0],[0,76.13],[-38.88,0],[0,-76.13]],"o":[[0,76.13],[-38.88,0],[0,-76.13],[38.88,0],[0,0]],"v":[[140.81,137.85],[70.41,275.69],[0,137.85],[70.41,0],[140.81,137.85]]}}},{"ty":"fl","bm":0,"hd":false,"nm":"","c":{"a":0,"k":[0.9709,0.6635,0]},"r":1,"o":{"a":0,"k":100}}],"ind":2},{"ty":4,"nm":"Ellipse 138","sr":1,"st":0,"op":602.18,"ip":0,"hd":false,"ddd":0,"bm":0,"hasMask":false,"td":1,"ao":0,"ks":{"a":{"a":0,"k":[1016,1016]},"s":{"a":0,"k":[100,100]},"sk":{"a":0,"k":0},"p":{"a":0,"k":[1016,1016]},"r":{"a":0,"k":0},"sa":{"a":0,"k":0},"o":{"a":0,"k":100}},"ef":[{"ty":29,"nm":"","en":1,"ef":[{"ty":0,"nm":"sigma","v":{"a":1,"k":[{"o":{"x":0,"y":0},"i":{"x":1,"y":1},"s":[174],"t":0},{"o":{"x":0,"y":0},"i":{"x":1,"y":1},"s":[174],"t":300},{"o":{"x":0,"y":0},"i":{"x":1,"y":1},"s":[174],"t":600},{"s":[174],"t":601}]}},{"ty":0,"nm":"","v":{"a":0,"k":1}},{"ty":0,"nm":"","v":{"a":0,"k":0}}]}],"shapes":[{"ty":"sh","bm":0,"hd":false,"nm":"","d":1,"ks":{"a":0,"k":{"c":true,"i":[[0,0],[561.12,0],[0,561.12],[-561.12,0],[0,-561.12]],"o":[[0,561.12],[-561.12,0],[0,-561.12],[561.12,0],[0,0]],"v":[[2032,1016],[1016,2032],[0,1016],[1016,0],[2032,1016]]}}},{"ty":"gf","bm":0,"hd":false,"nm":"","e":{"a":1,"k":[{"o":{"x":0,"y":0},"i":{"x":1,"y":1},"s":[711.5,1403.25],"t":0},{"o":{"x":0,"y":0},"i":{"x":1,"y":1},"s":[711.5,1403.25],"t":300},{"o":{"x":0,"y":0},"i":{"x":1,"y":1},"s":[711.5,1403.25],"t":600},{"s":[711.5,1403.25],"t":601}]},"g":{"p":2,"k":{"a":0,"k":[0,1,1,1,1,0.5852549019607843,0.3451372549019608,1]}},"t":1,"a":{"a":0,"k":0},"h":{"a":0,"k":0},"s":{"a":1,"k":[{"o":{"x":0,"y":0},"i":{"x":1,"y":1},"s":[-419,565.25],"t":0},{"o":{"x":0,"y":0},"i":{"x":1,"y":1},"s":[-419,565.25],"t":300},{"o":{"x":0,"y":0},"i":{"x":1,"y":1},"s":[-419,565.25],"t":600},{"s":[-419,565.25],"t":601}]},"r":1,"o":{"a":0,"k":100}}],"ind":3},{"ty":4,"nm":"Ellipse 136","sr":1,"st":0,"op":602.18,"ip":0,"hd":false,"ddd":0,"bm":0,"tt":1,"hasMask":false,"ao":0,"ks":{"a":{"a":0,"k":[129.5,253.55]},"s":{"a":0,"k":[100,100]},"sk":{"a":0,"k":0},"p":{"a":0,"k":[1800.01,612.26]},"r":{"a":0,"k":-21.95},"sa":{"a":0,"k":0},"o":{"a":0,"k":100}},"ef":[{"ty":29,"nm":"","en":1,"ef":[{"ty":0,"nm":"sigma","v":{"a":1,"k":[{"o":{"x":0,"y":0},"i":{"x":1,"y":1},"s":[124],"t":0},{"o":{"x":0,"y":0},"i":{"x":1,"y":1},"s":[124],"t":300},{"o":{"x":0,"y":0},"i":{"x":1,"y":1},"s":[124],"t":600},{"s":[124],"t":601}]}},{"ty":0,"nm":"","v":{"a":0,"k":1}},{"ty":0,"nm":"","v":{"a":0,"k":0}}]}],"shapes":[{"ty":"sh","bm":0,"hd":false,"nm":"","d":1,"ks":{"a":0,"k":{"c":true,"i":[[0,0],[71.52,0],[0,140.03],[-71.52,0],[0,-140.03]],"o":[[0,140.03],[-71.52,0],[0,-140.03],[71.52,0],[0,0]],"v":[[259,253.55],[129.5,507.1],[0,253.55],[129.5,0],[259,253.55]]}}},{"ty":"fl","bm":0,"hd":false,"nm":"","c":{"a":0,"k":[1,0.404,0.5927]},"r":1,"o":{"a":0,"k":100}}],"ind":4},{"ty":4,"nm":"Ellipse 138","sr":1,"st":0,"op":602.18,"ip":0,"hd":false,"ddd":0,"bm":0,"hasMask":false,"td":1,"ao":0,"ks":{"a":{"a":0,"k":[1016,1016]},"s":{"a":0,"k":[100,100]},"sk":{"a":0,"k":0},"p":{"a":0,"k":[1016,1016]},"r":{"a":0,"k":0},"sa":{"a":0,"k":0},"o":{"a":0,"k":100}},"ef":[{"ty":29,"nm":"","en":1,"ef":[{"ty":0,"nm":"sigma","v":{"a":1,"k":[{"o":{"x":0,"y":0},"i":{"x":1,"y":1},"s":[174],"t":0},{"o":{"x":0,"y":0},"i":{"x":1,"y":1},"s":[174],"t":300},{"o":{"x":0,"y":0},"i":{"x":1,"y":1},"s":[174],"t":600},{"s":[174],"t":601}]}},{"ty":0,"nm":"","v":{"a":0,"k":1}},{"ty":0,"nm":"","v":{"a":0,"k":0}}]}],"shapes":[{"ty":"sh","bm":0,"hd":false,"nm":"","d":1,"ks":{"a":0,"k":{"c":true,"i":[[0,0],[561.12,0],[0,561.12],[-561.12,0],[0,-561.12]],"o":[[0,561.12],[-561.12,0],[0,-561.12],[561.12,0],[0,0]],"v":[[2032,1016],[1016,2032],[0,1016],[1016,0],[2032,1016]]}}},{"ty":"gf","bm":0,"hd":false,"nm":"","e":{"a":1,"k":[{"o":{"x":0,"y":0},"i":{"x":1,"y":1},"s":[711.5,1403.25],"t":0},{"o":{"x":0,"y":0},"i":{"x":1,"y":1},"s":[711.5,1403.25],"t":300},{"o":{"x":0,"y":0},"i":{"x":1,"y":1},"s":[711.5,1403.25],"t":600},{"s":[711.5,1403.25],"t":601}]},"g":{"p":2,"k":{"a":0,"k":[0,1,1,1,1,0.5852549019607843,0.3451372549019608,1]}},"t":1,"a":{"a":0,"k":0},"h":{"a":0,"k":0},"s":{"a":1,"k":[{"o":{"x":0,"y":0},"i":{"x":1,"y":1},"s":[-419,565.25],"t":0},{"o":{"x":0,"y":0},"i":{"x":1,"y":1},"s":[-419,565.25],"t":300},{"o":{"x":0,"y":0},"i":{"x":1,"y":1},"s":[-419,565.25],"t":600},{"s":[-419,565.25],"t":601}]},"r":1,"o":{"a":0,"k":100}}],"ind":5},{"ty":4,"nm":"Ellipse 137","sr":1,"st":0,"op":602.18,"ip":0,"hd":false,"ddd":0,"bm":0,"tt":1,"hasMask":false,"ao":0,"ks":{"a":{"a":0,"k":[197.14,385.99]},"s":{"a":0,"k":[100,100]},"sk":{"a":0,"k":0},"p":{"a":0,"k":[1727.27,647.54]},"r":{"a":0,"k":-21.95},"sa":{"a":0,"k":0},"o":{"a":0,"k":100}},"ef":[{"ty":29,"nm":"","en":1,"ef":[{"ty":0,"nm":"sigma","v":{"a":1,"k":[{"o":{"x":0,"y":0},"i":{"x":1,"y":1},"s":[244],"t":0},{"o":{"x":0,"y":0},"i":{"x":1,"y":1},"s":[244],"t":300},{"o":{"x":0,"y":0},"i":{"x":1,"y":1},"s":[244],"t":600},{"s":[244],"t":601}]}},{"ty":0,"nm":"","v":{"a":0,"k":1}},{"ty":0,"nm":"","v":{"a":0,"k":0}}]}],"shapes":[{"ty":"sh","bm":0,"hd":false,"nm":"","d":1,"ks":{"a":0,"k":{"c":true,"i":[[0,0],[108.88,0],[0,213.18],[-108.88,0],[0,-213.17]],"o":[[0,213.18],[-108.88,0],[0,-213.17],[108.88,0],[0,0]],"v":[[394.29,385.99],[197.15,771.98],[0,385.99],[197.15,0],[394.29,385.99]]}}},{"ty":"fl","bm":0,"hd":false,"nm":"","c":{"a":0,"k":[0.7219,0.404,1]},"r":1,"o":{"a":0,"k":100}}],"ind":6}]},{"nm":"[Asset] Group 1000003069","id":"4","layers":[{"ty":0,"nm":"Mask group","sr":1,"st":0,"op":602.18,"ip":0,"hd":false,"ddd":0,"bm":0,"hasMask":false,"ao":0,"ks":{"a":{"a":0,"k":[1016,1016]},"s":{"a":0,"k":[100,100]},"sk":{"a":0,"k":0},"p":{"a":0,"k":[1297.4,1297.4]},"r":{"a":0,"k":-70.45},"sa":{"a":0,"k":0},"o":{"a":0,"k":100}},"w":2032,"h":2032,"refId":"5","ind":1},{"ty":4,"nm":"Ellipse 134","sr":1,"st":0,"op":602.18,"ip":0,"hd":false,"ddd":0,"bm":0,"hasMask":false,"ao":0,"ks":{"a":{"a":0,"k":[1016,1016]},"s":{"a":0,"k":[100,100]},"sk":{"a":0,"k":0},"p":{"a":0,"k":[1297.4,1297.4]},"r":{"a":0,"k":-70.45},"sa":{"a":0,"k":0},"o":{"a":0,"k":100}},"ef":[{"ty":29,"nm":"","en":1,"ef":[{"ty":0,"nm":"sigma","v":{"a":1,"k":[{"o":{"x":0,"y":0},"i":{"x":1,"y":1},"s":[244],"t":0},{"o":{"x":0,"y":0},"i":{"x":1,"y":1},"s":[244],"t":300},{"o":{"x":0,"y":0},"i":{"x":1,"y":1},"s":[244],"t":600},{"s":[244],"t":601}]}},{"ty":0,"nm":"","v":{"a":0,"k":1}},{"ty":0,"nm":"","v":{"a":0,"k":0}}]}],"shapes":[{"ty":"sh","bm":0,"hd":false,"nm":"","d":1,"ks":{"a":0,"k":{"c":true,"i":[[0,0],[561.12,0],[0,561.12],[-561.12,0],[0,-561.12]],"o":[[0,561.12],[-561.12,0],[0,-561.12],[561.12,0],[0,0]],"v":[[2032,1016],[1016,2032],[0,1016],[1016,0],[2032,1016]]}}},{"ty":"gf","bm":0,"hd":false,"nm":"","e":{"a":1,"k":[{"o":{"x":0,"y":0},"i":{"x":1,"y":1},"s":[2365.5,1308],"t":0},{"o":{"x":0,"y":0},"i":{"x":1,"y":1},"s":[2365.5,1308],"t":300},{"o":{"x":0,"y":0},"i":{"x":1,"y":1},"s":[2365.5,1308],"t":600},{"s":[2365.5,1308],"t":601}]},"g":{"p":2,"k":{"a":0,"k":[0,1,1,1,1,0.4433725490196079,0.3451372549019608,1]}},"t":1,"a":{"a":0,"k":0},"h":{"a":0,"k":0},"s":{"a":1,"k":[{"o":{"x":0,"y":0},"i":{"x":1,"y":1},"s":[1235,470],"t":0},{"o":{"x":0,"y":0},"i":{"x":1,"y":1},"s":[1235,470],"t":300},{"o":{"x":0,"y":0},"i":{"x":1,"y":1},"s":[1235,470],"t":600},{"s":[1235,470],"t":601}]},"r":1,"o":{"a":0,"k":100}}],"ind":2}]},{"nm":"[Asset] Mask group","id":"5","layers":[{"ty":4,"nm":"Ellipse 138","sr":1,"st":0,"op":602.18,"ip":0,"hd":false,"ddd":0,"bm":0,"hasMask":false,"td":1,"ao":0,"ks":{"a":{"a":0,"k":[1016,1016]},"s":{"a":0,"k":[100,100]},"sk":{"a":0,"k":0},"p":{"a":0,"k":[1016,1016]},"r":{"a":0,"k":0},"sa":{"a":0,"k":0},"o":{"a":0,"k":100}},"ef":[{"ty":29,"nm":"","en":1,"ef":[{"ty":0,"nm":"sigma","v":{"a":1,"k":[{"o":{"x":0,"y":0},"i":{"x":1,"y":1},"s":[174],"t":0},{"o":{"x":0,"y":0},"i":{"x":1,"y":1},"s":[174],"t":300},{"o":{"x":0,"y":0},"i":{"x":1,"y":1},"s":[174],"t":600},{"s":[174],"t":601}]}},{"ty":0,"nm":"","v":{"a":0,"k":1}},{"ty":0,"nm":"","v":{"a":0,"k":0}}]}],"shapes":[{"ty":"sh","bm":0,"hd":false,"nm":"","d":1,"ks":{"a":0,"k":{"c":true,"i":[[0,0],[561.12,0],[0,561.12],[-561.12,0],[0,-561.12]],"o":[[0,561.12],[-561.12,0],[0,-561.12],[561.12,0],[0,0]],"v":[[2032,1016],[1016,2032],[0,1016],[1016,0],[2032,1016]]}}},{"ty":"gf","bm":0,"hd":false,"nm":"","e":{"a":1,"k":[{"o":{"x":0,"y":0},"i":{"x":1,"y":1},"s":[711.5,1403.25],"t":0},{"o":{"x":0,"y":0},"i":{"x":1,"y":1},"s":[711.5,1403.25],"t":300},{"o":{"x":0,"y":0},"i":{"x":1,"y":1},"s":[711.5,1403.25],"t":600},{"s":[711.5,1403.25],"t":601}]},"g":{"p":2,"k":{"a":0,"k":[0,1,1,1,1,0.5852549019607843,0.3451372549019608,1]}},"t":1,"a":{"a":0,"k":0},"h":{"a":0,"k":0},"s":{"a":1,"k":[{"o":{"x":0,"y":0},"i":{"x":1,"y":1},"s":[-419,565.25],"t":0},{"o":{"x":0,"y":0},"i":{"x":1,"y":1},"s":[-419,565.25],"t":300},{"o":{"x":0,"y":0},"i":{"x":1,"y":1},"s":[-419,565.25],"t":600},{"s":[-419,565.25],"t":601}]},"r":1,"o":{"a":0,"k":100}}],"ind":1},{"ty":4,"nm":"Ellipse 135","sr":1,"st":0,"op":602.18,"ip":0,"hd":false,"ddd":0,"bm":0,"tt":1,"hasMask":false,"ao":0,"ks":{"a":{"a":0,"k":[70.41,137.85]},"s":{"a":0,"k":[100,100]},"sk":{"a":0,"k":0},"p":{"a":0,"k":[1888.82,590.17]},"r":{"a":0,"k":-21.95},"sa":{"a":0,"k":0},"o":{"a":0,"k":100}},"ef":[{"ty":29,"nm":"","en":1,"ef":[{"ty":0,"nm":"sigma","v":{"a":1,"k":[{"o":{"x":0,"y":0},"i":{"x":1,"y":1},"s":[144],"t":0},{"o":{"x":0,"y":0},"i":{"x":1,"y":1},"s":[144],"t":300},{"o":{"x":0,"y":0},"i":{"x":1,"y":1},"s":[144],"t":600},{"s":[144],"t":601}]}},{"ty":0,"nm":"","v":{"a":0,"k":1}},{"ty":0,"nm":"","v":{"a":0,"k":0}}]}],"shapes":[{"ty":"sh","bm":0,"hd":false,"nm":"","d":1,"ks":{"a":0,"k":{"c":true,"i":[[0,0],[38.88,0],[0,76.13],[-38.88,0],[0,-76.13]],"o":[[0,76.13],[-38.88,0],[0,-76.13],[38.88,0],[0,0]],"v":[[140.81,137.85],[70.41,275.69],[0,137.85],[70.41,0],[140.81,137.85]]}}},{"ty":"fl","bm":0,"hd":false,"nm":"","c":{"a":0,"k":[0.9709,0.6635,0]},"r":1,"o":{"a":0,"k":100}}],"ind":2},{"ty":4,"nm":"Ellipse 138","sr":1,"st":0,"op":602.18,"ip":0,"hd":false,"ddd":0,"bm":0,"hasMask":false,"td":1,"ao":0,"ks":{"a":{"a":0,"k":[1016,1016]},"s":{"a":0,"k":[100,100]},"sk":{"a":0,"k":0},"p":{"a":0,"k":[1016,1016]},"r":{"a":0,"k":0},"sa":{"a":0,"k":0},"o":{"a":0,"k":100}},"ef":[{"ty":29,"nm":"","en":1,"ef":[{"ty":0,"nm":"sigma","v":{"a":1,"k":[{"o":{"x":0,"y":0},"i":{"x":1,"y":1},"s":[174],"t":0},{"o":{"x":0,"y":0},"i":{"x":1,"y":1},"s":[174],"t":300},{"o":{"x":0,"y":0},"i":{"x":1,"y":1},"s":[174],"t":600},{"s":[174],"t":601}]}},{"ty":0,"nm":"","v":{"a":0,"k":1}},{"ty":0,"nm":"","v":{"a":0,"k":0}}]}],"shapes":[{"ty":"sh","bm":0,"hd":false,"nm":"","d":1,"ks":{"a":0,"k":{"c":true,"i":[[0,0],[561.12,0],[0,561.12],[-561.12,0],[0,-561.12]],"o":[[0,561.12],[-561.12,0],[0,-561.12],[561.12,0],[0,0]],"v":[[2032,1016],[1016,2032],[0,1016],[1016,0],[2032,1016]]}}},{"ty":"gf","bm":0,"hd":false,"nm":"","e":{"a":1,"k":[{"o":{"x":0,"y":0},"i":{"x":1,"y":1},"s":[711.5,1403.25],"t":0},{"o":{"x":0,"y":0},"i":{"x":1,"y":1},"s":[711.5,1403.25],"t":300},{"o":{"x":0,"y":0},"i":{"x":1,"y":1},"s":[711.5,1403.25],"t":600},{"s":[711.5,1403.25],"t":601}]},"g":{"p":2,"k":{"a":0,"k":[0,1,1,1,1,0.5852549019607843,0.3451372549019608,1]}},"t":1,"a":{"a":0,"k":0},"h":{"a":0,"k":0},"s":{"a":1,"k":[{"o":{"x":0,"y":0},"i":{"x":1,"y":1},"s":[-419,565.25],"t":0},{"o":{"x":0,"y":0},"i":{"x":1,"y":1},"s":[-419,565.25],"t":300},{"o":{"x":0,"y":0},"i":{"x":1,"y":1},"s":[-419,565.25],"t":600},{"s":[-419,565.25],"t":601}]},"r":1,"o":{"a":0,"k":100}}],"ind":3},{"ty":4,"nm":"Ellipse 136","sr":1,"st":0,"op":602.18,"ip":0,"hd":false,"ddd":0,"bm":0,"tt":1,"hasMask":false,"ao":0,"ks":{"a":{"a":0,"k":[129.5,253.55]},"s":{"a":0,"k":[100,100]},"sk":{"a":0,"k":0},"p":{"a":0,"k":[1800.01,612.26]},"r":{"a":0,"k":-21.95},"sa":{"a":0,"k":0},"o":{"a":0,"k":100}},"ef":[{"ty":29,"nm":"","en":1,"ef":[{"ty":0,"nm":"sigma","v":{"a":1,"k":[{"o":{"x":0,"y":0},"i":{"x":1,"y":1},"s":[124],"t":0},{"o":{"x":0,"y":0},"i":{"x":1,"y":1},"s":[124],"t":300},{"o":{"x":0,"y":0},"i":{"x":1,"y":1},"s":[124],"t":600},{"s":[124],"t":601}]}},{"ty":0,"nm":"","v":{"a":0,"k":1}},{"ty":0,"nm":"","v":{"a":0,"k":0}}]}],"shapes":[{"ty":"sh","bm":0,"hd":false,"nm":"","d":1,"ks":{"a":0,"k":{"c":true,"i":[[0,0],[71.52,0],[0,140.03],[-71.52,0],[0,-140.03]],"o":[[0,140.03],[-71.52,0],[0,-140.03],[71.52,0],[0,0]],"v":[[259,253.55],[129.5,507.1],[0,253.55],[129.5,0],[259,253.55]]}}},{"ty":"fl","bm":0,"hd":false,"nm":"","c":{"a":0,"k":[1,0.404,0.5927]},"r":1,"o":{"a":0,"k":100}}],"ind":4},{"ty":4,"nm":"Ellipse 138","sr":1,"st":0,"op":602.18,"ip":0,"hd":false,"ddd":0,"bm":0,"hasMask":false,"td":1,"ao":0,"ks":{"a":{"a":0,"k":[1016,1016]},"s":{"a":0,"k":[100,100]},"sk":{"a":0,"k":0},"p":{"a":0,"k":[1016,1016]},"r":{"a":0,"k":0},"sa":{"a":0,"k":0},"o":{"a":0,"k":100}},"ef":[{"ty":29,"nm":"","en":1,"ef":[{"ty":0,"nm":"sigma","v":{"a":1,"k":[{"o":{"x":0,"y":0},"i":{"x":1,"y":1},"s":[174],"t":0},{"o":{"x":0,"y":0},"i":{"x":1,"y":1},"s":[174],"t":300},{"o":{"x":0,"y":0},"i":{"x":1,"y":1},"s":[174],"t":600},{"s":[174],"t":601}]}},{"ty":0,"nm":"","v":{"a":0,"k":1}},{"ty":0,"nm":"","v":{"a":0,"k":0}}]}],"shapes":[{"ty":"sh","bm":0,"hd":false,"nm":"","d":1,"ks":{"a":0,"k":{"c":true,"i":[[0,0],[561.12,0],[0,561.12],[-561.12,0],[0,-561.12]],"o":[[0,561.12],[-561.12,0],[0,-561.12],[561.12,0],[0,0]],"v":[[2032,1016],[1016,2032],[0,1016],[1016,0],[2032,1016]]}}},{"ty":"gf","bm":0,"hd":false,"nm":"","e":{"a":1,"k":[{"o":{"x":0,"y":0},"i":{"x":1,"y":1},"s":[711.5,1403.25],"t":0},{"o":{"x":0,"y":0},"i":{"x":1,"y":1},"s":[711.5,1403.25],"t":300},{"o":{"x":0,"y":0},"i":{"x":1,"y":1},"s":[711.5,1403.25],"t":600},{"s":[711.5,1403.25],"t":601}]},"g":{"p":2,"k":{"a":0,"k":[0,1,1,1,1,0.5852549019607843,0.3451372549019608,1]}},"t":1,"a":{"a":0,"k":0},"h":{"a":0,"k":0},"s":{"a":1,"k":[{"o":{"x":0,"y":0},"i":{"x":1,"y":1},"s":[-419,565.25],"t":0},{"o":{"x":0,"y":0},"i":{"x":1,"y":1},"s":[-419,565.25],"t":300},{"o":{"x":0,"y":0},"i":{"x":1,"y":1},"s":[-419,565.25],"t":600},{"s":[-419,565.25],"t":601}]},"r":1,"o":{"a":0,"k":100}}],"ind":5},{"ty":4,"nm":"Ellipse 137","sr":1,"st":0,"op":602.18,"ip":0,"hd":false,"ddd":0,"bm":0,"tt":1,"hasMask":false,"ao":0,"ks":{"a":{"a":0,"k":[197.14,385.99]},"s":{"a":0,"k":[100,100]},"sk":{"a":0,"k":0},"p":{"a":0,"k":[1727.27,647.54]},"r":{"a":0,"k":-21.95},"sa":{"a":0,"k":0},"o":{"a":0,"k":100}},"ef":[{"ty":29,"nm":"","en":1,"ef":[{"ty":0,"nm":"sigma","v":{"a":1,"k":[{"o":{"x":0,"y":0},"i":{"x":1,"y":1},"s":[244],"t":0},{"o":{"x":0,"y":0},"i":{"x":1,"y":1},"s":[244],"t":300},{"o":{"x":0,"y":0},"i":{"x":1,"y":1},"s":[244],"t":600},{"s":[244],"t":601}]}},{"ty":0,"nm":"","v":{"a":0,"k":1}},{"ty":0,"nm":"","v":{"a":0,"k":0}}]}],"shapes":[{"ty":"sh","bm":0,"hd":false,"nm":"","d":1,"ks":{"a":0,"k":{"c":true,"i":[[0,0],[108.88,0],[0,213.18],[-108.88,0],[0,-213.17]],"o":[[0,213.18],[-108.88,0],[0,-213.17],[108.88,0],[0,0]],"v":[[394.29,385.99],[197.15,771.98],[0,385.99],[197.15,0],[394.29,385.99]]}}},{"ty":"fl","bm":0,"hd":false,"nm":"","c":{"a":0,"k":[0.7219,0.404,1]},"r":1,"o":{"a":0,"k":100}}],"ind":6}]}]}